genre,1,2,3,4,5,6,7,8,9,10,11,12
Action,0.9847290906527663,0.9929230225730731,1.0033608908241067,1.0094963438619327,1.0197717674314304,1.0014395635587334,1.0023497251471192,1.0101292586030624,1.0150180768840105,0.9768000910004409,1.0026052890170185,0.9867706030422033
Adventure,1.0005080051207578,0.9904854609214652,1.0009944540468658,1.0127807782389238,1.0192354634502367,0.9958253335206371,0.9939611072938878,0.9962142788337428,1.0045149126363304,0.9753224828199655,1.007028921155732,1.0024679185658685
Animation,1.0074956040329741,0.9807380316133731,1.0062578546915075,1.0019692380354022,1.040150219749156,0.9947440936424138,1.0037842959525376,1.0178142192381148,1.017756475952023,0.9595337614874626,0.9739678618047095,0.9952674757315442
Children,1.008894131546134,0.9753716240747125,0.9998978648958632,0.9963707239851377,1.001576511832568,0.9877911440584934,1.00758613150453,0.9942005334129917,0.9744947802015707,0.9796467718594445,1.0086400578559171,1.054172428350114
Comedy,1.0041931332569867,0.9957939880672383,1.0062269129941301,1.0013736001767768,0.994135295120199,1.0051696620432482,1.01090166548205,0.9993507039454499,0.9788930221050989,0.9898467821913449,1.0027680539172878,1.0059636910332728
Crime,0.9974921172907928,0.9994714729616369,0.9932052289512491,0.9982944717704505,0.9987025506775769,0.9953627242549308,0.9963793716027688,0.9933475894816797,1.0163049312287544,1.0053268277349887,1.011605594666104,0.9980651824227667
Documentary,1.068734352037306,1.057959023456204,1.0329089292441922,0.9985120356235625,1.039884756041186,1.0129612405786876,0.9811645326876992,0.9912647637833768,1.031310658729801,0.9681854181633958,0.905958577952207,0.9053785958550009
Drama,1.0095278694944323,1.0142660288655174,1.0008792312362322,0.9975883600832839,0.9936974398701984,0.9987842248241294,0.993007680913567,0.9910643858006374,0.9984981787125057,1.0006836028859314,1.0026850510708096,0.9970079263566813
Fantasy,1.005512489932377,0.9909484871937936,0.9945172449615389,0.9998312324620536,1.0059746457589032,0.9936598639851794,0.991584460982827,0.9982185136356361,1.0039495905790703,0.9937658094200167,0.999790622326993,1.020304582906828
Film-Noir,0.9828475258337442,0.9655909607155575,0.9647303348201168,0.9689212994929042,0.96040722692752,0.9985078716483694,0.944345493754475,0.9803708135695797,1.0019061601862613,1.0755372988792922,1.0680334802247962,1.0938845343255525
Horror,0.9687867799318411,0.9893245978983524,0.9872760967325489,0.9886361386849184,0.9778962307417584,0.9918569440645411,0.9906937906500942,1.0128749698167814,1.0359694661270817,1.1236878994166688,0.9871613819771324,0.9675213002298931
Musical,1.005034632698175,0.9689485448627951,0.9880844403333618,0.9818840047320779,0.9749033759047371,0.9903618078882337,0.974109188634469,0.947366749285355,0.9827708198839629,1.0380278671146623,1.0499633771522505,1.0908758110035632
Mystery,1.0001076818123327,1.0036315480267761,0.9876691581600782,1.000848415507524,0.9927053450301689,0.9838170444631539,0.9860685785184087,1.0071712970427138,1.0239185708521874,1.026480015579876,1.0073389573592026,0.9865141355024072
Romance,1.005413294919396,0.9999915503216987,1.004550441910777,0.9894146496642566,0.9848935649150827,1.0074938417999484,0.9913769394784784,0.9914144890469773,0.9783861592119443,1.0113917793032583,1.0181012338695343,1.0131635682543447
Sci-Fi,0.9856661743088192,0.998568092619924,0.9926689872471579,1.0056596870191767,1.0216992280946096,0.9967475606268317,0.9956153465519877,1.0152337838201233,1.028372243222199,0.9924504754664292,0.9935932002496917,0.9826514131399744
Thriller,0.9879167131812558,0.9996173586656412,0.9948395603009563,1.0009981131534536,1.0017766218141315,0.996190939565928,1.0007341049820475,1.0095603991617055,1.0203043151536213,1.0063037836226356,1.0078681538217942,0.9813950703180573
War,1.0041621100391431,1.0038175389522668,0.9958708526152815,0.9897817736457668,0.9954014017534897,1.0081476474527433,0.9801525295746419,0.9754830233386149,0.9873148207382122,1.0058418423135058,1.0241246120556584,1.026505124337791
Western,0.9646696868591691,0.9745756766348516,0.9680335672854683,0.9722703537592621,1.0023547481454733,1.0291126349362978,1.0393497425356972,1.0130350687313265,0.9974119351292798,0.996315012502892,1.0176327179732532,1.0327081056438185
