tag_norm,applications,movies,users
sci-fi,11457,791,2751
atmospheric,10088,817,2205
comedy,9275,2020,2177
visually appealing,7253,481,2092
twist ending,6600,386,2088
surreal,7480,688,2080
funny,8088,1486,2061
thought-provoking,6003,360,2035
action,9344,1157,1993
dark comedy,6153,742,1958
psychology,4847,326,1675
dystopia,5713,441,1568
classic,4741,579,1552
romance,6229,1700,1535
social commentary,5201,692,1529
dark,4825,522,1527
fantasy,5154,695,1518
great soundtrack,3905,408,1515
cinematography,5429,757,1513
time travel,4740,578,1504
psychological,4081,353,1483
thriller,5050,1002,1468
quirky,4954,515,1459
adventure,4860,676,1431
mindfuck,3457,178,1385
space,3971,306,1376
stylized,4948,485,1370
black comedy,4071,739,1345
disturbing,4053,430,1343
great acting,3414,331,1297
music,3702,1070,1285
mystery,3662,645,1264
suspense,4382,1174,1245
satire,3573,764,1229
based on a book,6733,1672,1199
horror,4441,931,1182
violence,5483,2270,1148
coming of age,4494,1029,1133
drama,4407,1817,1126
animation,4044,748,1122
predictable,3464,778,1101
artificial intelligence,2652,184,1096
true story,3446,506,1094
based on a true story,3801,832,1082
philosophical,2204,213,1074
inspirational,2380,222,1071
dreamlike,2759,225,1071
nonlinear,2097,129,1069
bittersweet,2757,270,1065
post-apocalyptic,2881,279,1062
