genre,n,movies,mean,sd
Film-Noir,304710,350,3.915774014636868,0.912680609762872
Documentary,427353,9103,3.6911815290871948,1.0265789490532597
Western,596654,1489,3.6001753109842554,1.0144938949311761
Musical,1159516,1033,3.554276956937205,1.0555977202039981
War,1594110,2225,3.7916994435766664,0.9885893727746969
Animation,2214562,4586,3.6153322869262636,1.0397970866656265
Horror,2492315,8468,3.3071549944529486,1.1319461763803311
Mystery,2615322,3894,3.673102967818112,1.0035768757870092
Children,2731841,4447,3.439241156421622,1.0967576318707126
Fantasy,3702759,3784,3.5121745703676637,1.0902828800941997
Crime,5373051,6704,3.691771025437875,1.0058323221530887
Romance,5524615,10048,3.5450028644529983,1.0487341147473948
Sci-Fi,5717337,4797,3.491699020015787,1.0834727836208948
Adventure,7590522,5156,3.5234385724723545,1.0691209842824114
Thriller,8679464,11555,3.5317019576324067,1.0350749391765952
Action,9665213,9296,3.476407193509341,1.0702222926693663
Comedy,11206926,22448,3.4323856515158573,1.0818261766097574
Drama,13973271,33152,3.6824540223974758,0.996151931755608
