phase,family,model,params,train_s,eval_s,ndcg,ndcg_lo,ndcg_hi,recall,recall_lo,recall_hi,precision,precision_lo,precision_hi,mrr,mrr_lo,mrr_hi,ild,ild_lo,ild_hi,avg_pop,avg_pop_lo,avg_pop_hi,coverage,n_users_ranked,n_test_users,rmse,mae,pred_coverage,rmse_lo,rmse_hi
validation,pop,Most popular,{},0.44,6.69,0.03470250981110756,0.030880595742524605,0.03871367838542759,0.05118789194404245,0.045893481669078626,0.05659687047756874,0.0170767004341534,0.015376266280752532,0.018704775687409553,0.051750970528105115,0.04574767633174833,0.05866619504169251,0.7832136745764524,0.7812028422786061,0.78496883293918,0.3767888253333334,0.3751492772666667,0.3784227112,0.009230385430959212,2764,3000,,,,,
validation,bias,Bias baseline,"{""damping"": 0.0}",2.3,9.03,0.0,0.0,0.0,0.0,0.0,0.0,0.0,0.0,0.0,0.0,0.0,0.0,0.8208895061728394,0.8201450705467372,0.8216410097001764,0.00029988266666666665,0.0002994346,0.00030033079999999997,0.000873144567793439,2764,3000,0.9106016755104065,0.6943045854568481,1.0,0.8925402164459229,0.9274780750274658
validation,bias,Bias baseline,"{""damping"": 5.0}",2.0,9.89,0.006372953350135937,0.004654583753085432,0.008197758735933173,0.007278099372889532,0.0054751567776169805,0.009214001447178,0.002568740955137482,0.0019898697539797393,0.0032199710564399424,0.009188718902901247,0.006792680983391909,0.011754897146991936,0.7774025044091711,0.776577065255732,0.7782914616402117,0.058772749333333346,0.05759528926666667,0.059912969166666684,0.0013720843208182613,2764,3000,0.9059942960739136,0.6942880153656006,1.0,0.8883511424064636,0.9223593473434448
validation,bias,Bias baseline,"{""damping"": 25.0}",1.8,9.98,0.01239474445304531,0.010205881239834406,0.014566584872256648,0.02084539315002412,0.01764245658465991,0.024398667390255663,0.007633863965267729,0.006547575976845152,0.008864869753979737,0.02070656168883376,0.016550239186364366,0.02495654876760159,0.7891272751322752,0.7877491053791889,0.7905456075837745,0.15528606000000003,0.15381883706666669,0.1566687726666667,0.0026818011725084196,2764,3000,0.9100258350372314,0.7038633227348328,1.0,0.8933552503585815,0.9250398278236389
validation,iknn,Item k-NN (explicit),"{""max_nbrs"": 20, ""min_nbrs"": 1, ""feedback"": ""explicit""}",3.34,138.01,0.001058616152657945,0.0005008552540064167,0.0016800480933977006,0.0018813314037626626,0.0009044862518089725,0.0030274662325132655,0.0005426917510853835,0.0002894356005788712,0.0008321273516642548,0.0012783405692233477,0.000578795827303425,0.002098408104196816,0.8070316631927743,0.8048410438445299,0.8092312914796108,0.006334145333333334,0.0055600104333333325,0.007067867233333334,0.0828863664712486,2764,3000,0.862305760383606,0.6463743448257446,1.0,0.845058023929596,0.8783504962921143
validation,iknn,Item k-NN (explicit),"{""max_nbrs"": 20, ""min_nbrs"": 5, ""feedback"": ""explicit""}",3.16,139.57,0.0011345631770607548,0.000555144857733923,0.0017787007623752886,0.002062228654124457,0.0010250844187168354,0.003256150506512301,0.0006150506512301013,0.0003256150506512301,0.0009406657018813314,0.001366204947970505,0.0006512301013024602,0.0021890828509406653,0.8091666984661429,0.807101414021164,0.8112260334094918,0.0065099599999999995,0.005750821566666666,0.0072603826,0.08469502307596358,2764,3000,0.862305760383606,0.6463743448257446,1.0,0.845058023929596,0.8783504962921143
validation,iknn,Item k-NN (explicit),"{""max_nbrs"": 50, ""min_nbrs"": 1, ""feedback"": ""explicit""}",3.71,182.52,0.0009516666440346956,0.00027423081761395894,0.0018488723830783977,0.0015376266280752533,0.0005117884708152436,0.0027443620356970566,0.00032561505065123014,0.0001447178002894356,0.0005426917510853835,0.0011909068982151473,0.0003014954172696575,0.0024361583453931497,0.8064519662230775,0.8041543082678638,0.8086709672184812,0.0036270440000000003,0.0030666975000000003,0.004209064366666666,0.06660845702881377,2764,3000,0.8665887117385864,0.6535458564758301,1.0,0.8494642972946167,0.8827416300773621
validation,iknn,Item k-NN (explicit),"{""max_nbrs"": 50, ""min_nbrs"": 5, ""feedback"": ""explicit""}",4.35,186.36,0.0009928281556485842,0.00029985986506699826,0.0019072538639858451,0.0016280752532561505,0.0005728412928123493,0.0029245055475156773,0.000361794500723589,0.0001447178002894356,0.0006150506512301013,0.0012425918268899455,0.00035318034594445595,0.002487983254083109,0.8089173748062637,0.8067986186935494,0.8110973875260542,0.003707313333333333,0.0031440459333333328,0.004276928633333333,0.07003866783085942,2764,3000,0.8665887117385864,0.6535458564758301,1.0,0.8494642972946167,0.8827416300773621
validation,iknn_imp,Item k-NN (implicit),"{""max_nbrs"": 20, ""feedback"": ""implicit""}",2.89,129.32,0.056308623708825355,0.051196111770523085,0.06169195547343921,0.08002894356005788,0.07311746261456825,0.08648169922817174,0.02608538350217077,0.023913712011577423,0.028219971056439943,0.0824101830795029,0.07432867379344404,0.09096641843543979,0.7566694545988991,0.7540165192066164,0.7591505161135162,0.2663057853333333,0.2642764972333333,0.26850938240000005,0.03243108394661345,2764,3000,,,,,
validation,iknn_imp,Item k-NN (implicit),"{""max_nbrs"": 50, ""feedback"": ""implicit""}",2.71,151.47,0.056541321330979624,0.051323446262474835,0.06181592768749128,0.08125301495417268,0.07426796912686927,0.08810419681620839,0.026085383502170763,0.023950795947901594,0.028149421128798844,0.07975745411526887,0.07209666014862288,0.08799929435715434,0.7596946371118593,0.7570795069344237,0.762417659384854,0.24642200000000003,0.2442983189,0.24850017466666666,0.03604839715604341,2764,3000,,,,,
validation,uknn,User k-NN (implicit),"{""max_nbrs"": 30, ""feedback"": ""implicit""}",0.11,178.84,0.06550932606738623,0.05995033264914859,0.07133713982609984,0.09956584659913169,0.09164179329474192,0.10787611553304388,0.03162083936324168,0.02919591172214183,0.03404576700434153,0.0866187719660947,0.07848835940550845,0.09476766906714446,0.7725271613982726,0.7698930387138583,0.7750861060251477,0.23032130399999998,0.22777188403333334,0.23302193669999996,0.06823001122614444,2764,3000,,,,,
validation,uknn,User k-NN (implicit),"{""max_nbrs"": 60, ""feedback"": ""implicit""}",0.13,195.92,0.0660628236356851,0.060403605597134556,0.07189600353074271,0.09964423540762181,0.09188917028461167,0.1076346177038109,0.03162083936324168,0.029268270622286544,0.033973408104196814,0.08839816920497094,0.08023244219902143,0.09675554320860036,0.7730923015050793,0.7705385379322325,0.7755836458412986,0.242142948,0.23960500790000003,0.24486889290000002,0.05868778844954472,2764,3000,,,,,
validation,biasedmf,"Biased MF (ALS, explicit)","{""embedding_size"": 32, ""regularization"": 0.1, ""epochs"": 10}",3.56,10.95,0.005802978308745735,0.004296101938863459,0.007304663084795764,0.010033767486734202,0.007331916304872166,0.012729287264833576,0.0034008683068017373,0.0026401953690303906,0.0041606367583212735,0.008228814922013186,0.005840906611076654,0.010698722807984746,0.7780739091977982,0.7750292083266528,0.7812235458086153,0.04079974,0.03888886626666667,0.0426279719,0.05469627042534614,2764,3000,0.8608883023262024,0.6522597670555115,1.0,0.8446421027183533,0.876085638999939
validation,biasedmf,"Biased MF (ALS, explicit)","{""embedding_size"": 32, ""regularization"": 1.0, ""epochs"": 10}",7.03,10.42,0.006372953350135937,0.004654583753085432,0.008197758735933173,0.007278099372889532,0.0054751567776169805,0.009214001447178,0.002568740955137482,0.0019898697539797393,0.0032199710564399424,0.009188718902901247,0.006792680983391909,0.011754897146991936,0.7774025044091711,0.776577065255732,0.7782914616402117,0.058772749333333346,0.05759528926666667,0.059912969166666684,0.0013720843208182613,2764,3000,0.9059942960739136,0.6942880153656006,1.0,0.8883511424064636,0.9223593473434448
validation,biasedmf,"Biased MF (ALS, explicit)","{""embedding_size"": 64, ""regularization"": 0.1, ""epochs"": 10}",11.26,13.85,0.006008682652104738,0.0044490358760105415,0.007637392164827564,0.00989507959479016,0.007301917510853834,0.012500602990834537,0.003400868306801737,0.002640195369030391,0.004197720694645441,0.008425504789470057,0.005978779747547838,0.010793130355132885,0.7790375391480948,0.7762237769560687,0.7820020358412164,0.04257339066666666,0.04058269230000001,0.0443824489,0.052825246351503055,2764,3000,0.8604472875595093,0.6522090435028076,1.0,0.8440277576446533,0.8754042387008667
validation,biasedmf,"Biased MF (ALS, explicit)","{""embedding_size"": 64, ""regularization"": 1.0, ""epochs"": 10}",31.06,11.6,0.006372953350135937,0.004654583753085432,0.008197758735933173,0.007278099372889532,0.0054751567776169805,0.009214001447178,0.002568740955137482,0.0019898697539797393,0.0032199710564399424,0.009188718902901247,0.006792680983391909,0.011754897146991936,0.7774025044091711,0.776577065255732,0.7782914616402117,0.058772749333333346,0.05759528926666667,0.059912969166666684,0.0013720843208182613,2764,3000,0.9059942960739136,0.6942880153656006,1.0,0.8883511424064636,0.9223593473434448
validation,biasedmf,"Biased MF (ALS, explicit)","{""embedding_size"": 128, ""regularization"": 0.1, ""epochs"": 10}",33.44,12.51,0.0065514128292170825,0.0049260011263567395,0.008154670564926199,0.01085383502170767,0.008001236131210806,0.013748643270622286,0.0035817655571635312,0.0027858176555716355,0.004413892908827786,0.009078888429467299,0.006592078853972848,0.011687125284267108,0.7793817687456576,0.7765807794813212,0.7824435650953985,0.043311562666666664,0.041292316733333334,0.04511625996666667,0.05238867406760633,2764,3000,0.8603424429893494,0.6521334052085876,1.0,0.843898355960846,0.875140368938446
validation,biasedmf,"Biased MF (ALS, explicit)","{""embedding_size"": 128, ""regularization"": 1.0, ""epochs"": 10}",185.33,15.65,0.006372953350135937,0.004654583753085432,0.008197758735933173,0.007278099372889532,0.0054751567776169805,0.009214001447178,0.002568740955137482,0.0019898697539797393,0.0032199710564399424,0.009188718902901247,0.006792680983391909,0.011754897146991936,0.7774025044091711,0.776577065255732,0.7782914616402117,0.058772749333333346,0.05759528926666667,0.059912969166666684,0.0013720843208182613,2764,3000,0.9059942960739136,0.6942880153656006,1.0,0.8883511424064636,0.9223593473434448
validation,implicitmf,Implicit MF (ALS),"{""embedding_size"": 32, ""weight"": 10.0, ""regularization"": 0.1, ""epochs"": 10}",2.46,7.66,0.058649677565634016,0.05366204488609329,0.06414409703872316,0.08845272551857213,0.08152194886637723,0.09604558610709119,0.028509406657018812,0.026266280752532564,0.03093342981186686,0.07974338432912963,0.07225031513449566,0.08796821520455746,0.7561337768404437,0.7529830100187879,0.7588039407279964,0.19095794266666666,0.18768257163333335,0.19425851223333332,0.10970437819633279,2764,3000,,,,,
validation,implicitmf,Implicit MF (ALS),"{""embedding_size"": 32, ""weight"": 40.0, ""regularization"": 0.1, ""epochs"": 10}",4.3,11.25,0.04970885543282771,0.04507526261093013,0.05413597245751775,0.0796731789676797,0.0726389893873613,0.08731231910274963,0.024782923299565846,0.022683610709117223,0.027026953690303907,0.06581142466634507,0.05897553292904233,0.07280569122849331,0.7435400285928064,0.7399129441705415,0.746537965601785,0.15445459066666667,0.15112349196666666,0.1578992256,0.1611575402270176,2764,3000,,,,,
validation,implicitmf,Implicit MF (ALS),"{""embedding_size"": 64, ""weight"": 10.0, ""regularization"": 0.1, ""epochs"": 10}",8.56,11.31,0.06635434071221756,0.060879690256880295,0.07198613022746865,0.09788350217076698,0.09050018089725036,0.10619301736613602,0.03133140376266281,0.029123552821997106,0.033539254703328504,0.09103094204396664,0.08265675608159327,0.09928367201318539,0.7594064985014986,0.7561532532138644,0.7622014115853283,0.1747506,0.17184882113333333,0.17793654613333335,0.12454783584882126,2764,3000,,,,,
validation,implicitmf,Implicit MF (ALS),"{""embedding_size"": 64, ""weight"": 40.0, ""regularization"": 0.1, ""epochs"": 10}",8.7,7.72,0.05128248051571965,0.046718567875800976,0.05642242756399945,0.07936565364206465,0.07250105523396044,0.08702710443801254,0.02536179450072359,0.023263386396526777,0.02749819102749638,0.06847061424666345,0.061755281194725835,0.07579764201869846,0.748489090374646,0.7451491971500721,0.7516980607129498,0.14091277866666665,0.1377772152,0.14416766006666665,0.18130223275539478,2764,3000,,,,,
validation,implicitmf,Implicit MF (ALS),"{""embedding_size"": 128, ""weight"": 10.0, ""regularization"": 0.1, ""epochs"": 10}",33.96,8.39,0.0700273963489914,0.06431202044674396,0.07589610889006435,0.10435359382537386,0.09601362759286058,0.1126893391220453,0.03346599131693198,0.03093252532561505,0.03585473950795948,0.09577088071118461,0.08731800803413502,0.10425492945007236,0.7704345623923403,0.7674517673653507,0.7731031809394311,0.16342441333333332,0.16080139740000002,0.16621895593333333,0.13396532368716477,2764,3000,,,,,
validation,implicitmf,Implicit MF (ALS),"{""embedding_size"": 128, ""weight"": 40.0, ""regularization"": 0.1, ""epochs"": 10}",35.7,10.29,0.05773726661968187,0.05249177030026234,0.06262535177766834,0.08739146164978293,0.08040174264351181,0.09471327785817656,0.028581765557163533,0.02637481910274964,0.030824891461649784,0.07812191326120414,0.07048779446052421,0.08604160923896813,0.7610642738742739,0.7580352358217916,0.7640461206468427,0.14267784933333333,0.13974232693333333,0.14571142276666668,0.17768491954596483,2764,3000,,,,,
test,bias,Bias baseline,"{""damping"": 25.0}",1.48,16.53,0.0169065962997121,0.014835386252199767,0.019024717178763764,0.026957809565091747,0.02373880219621442,0.030217183210518715,0.009102730819245773,0.00810576506285219,0.010078565236237538,0.028271702410193958,0.024359643871997575,0.03232027825940375,0.7891826825396825,0.7880928515873016,0.7903301305555556,0.15559944799999997,0.15439281206,0.15674478301999997,0.0033054758637894475,4614,5000,0.9215751886367798,0.7103617191314697,1.0,0.9090723991394043,0.9348740577697754
test,biasedmf,"Biased MF (ALS, explicit)","{""embedding_size"": 128, ""regularization"": 0.1, ""epochs"": 10}",34.02,25.85,0.007718551569170691,0.00640002386477622,0.009108096962546748,0.011938303713336224,0.009950783846264992,0.014167118191012858,0.003966189856957087,0.0033593411356740354,0.004594711746857391,0.011994894764725714,0.00959795842191811,0.01433147950337482,0.7813349967933302,0.778946628635562,0.7836018819424403,0.042398121600000005,0.04091277476,0.043781168100000004,0.05912436073344144,4614,5000,0.8710376620292664,0.6584901809692383,1.0,0.8579894304275513,0.884668231010437
test,iknn,Item k-NN (explicit),"{""max_nbrs"": 20, ""min_nbrs"": 5, ""feedback"": ""explicit""}",3.31,207.86,0.0010127566624564754,0.0006138421366260696,0.001455039914114788,0.002011992486634879,0.0011884120791793094,0.0029583875162548763,0.0006068487212830516,0.00038957520589510194,0.0008241222366710009,0.0014014455659449158,0.0007750200390805071,0.0021623973964676178,0.8108509836459836,0.8092524745630912,0.8125749353174604,0.006343559999999999,0.00576344374,0.00687942124,0.10352999875265062,4614,5000,0.8686783313751221,0.6514029502868652,1.0,0.8544564843177795,0.882070779800415
test,iknn_imp,Item k-NN (implicit),"{""max_nbrs"": 50, ""feedback"": ""implicit""}",2.66,218.02,0.05252751307172982,0.04870788404308662,0.05634211557765383,0.07747435341713625,0.07198598468429417,0.08318929706689784,0.025097529258777635,0.023515387949718247,0.026744690073688775,0.07525680984718695,0.06944186430532334,0.08164727262093971,0.758573218534552,0.7565698392736893,0.7605067671516755,0.2475395152,0.2460812481,0.24911034772000004,0.03891730073593613,4614,5000,,,,,
test,implicitmf,Implicit MF (ALS),"{""embedding_size"": 128, ""weight"": 10.0, ""regularization"": 0.1, ""epochs"": 10}",34.91,14.97,0.05849626073319028,0.054570678842216586,0.06258266905702468,0.08737176708568126,0.0818691301834995,0.09324980132928767,0.02904204594711747,0.02730765062852189,0.03090648027741656,0.0819388541430154,0.07605551771351511,0.08824988518380911,0.7692211661178329,0.7670111491144658,0.7713315700564868,0.162475952,0.16052636578,0.16458449033999997,0.15311213670949234,4614,5000,,,,,
test,pop,Most popular,{},0.49,10.23,0.0366668764583222,0.0337882504299197,0.03993060926958928,0.05148822424505129,0.04711692674469007,0.055809854067331306,0.017100130039011705,0.015778066753359344,0.018487754659731254,0.05870177719982662,0.053534842198691354,0.06405748807975725,0.7833348571428571,0.781982399787558,0.784603193334135,0.37834565600000003,0.37715083052,0.37968133928000003,0.011912186603467632,4614,5000,,,,,
test,uknn,User k-NN (implicit),"{""max_nbrs"": 60, ""feedback"": ""implicit""}",0.12,330.07,0.059964503288389905,0.0556997569309061,0.06450194844729316,0.08856017916486057,0.08276956003467706,0.09488874440109811,0.02891200693541396,0.027112592110966623,0.030905938448201133,0.08436065872671854,0.07836641716721364,0.091198592878128,0.7708817402227404,0.7687737224096891,0.7728441856103774,0.2436840072,0.24160646959999998,0.24578481904,0.06461269801671449,4614,5000,,,,,
