movieId,title,n_clean,peak_month,peak_lift,recur_years,recurrence
91414,Arthur Christmas (2011),351,Dec,2.2393721745375963,9,1.0
82242,Rare Exports: A Christmas Tale (Rare Exports) (2010),300,Dec,2.184172429503167,6,0.8333333333333334
135534,Krampus (2015),291,Dec,2.1200864647291606,6,1.0
71500,Trick 'r Treat (2007),584,Oct,2.1009252072988573,11,0.8181818181818182
8978,Christmas with the Kranks (2004),391,Dec,2.0603938261687067,8,0.75
1085,"Old Man and the Sea, The (1958)",499,Oct,1.9624123965196476,7,0.7142857142857143
26492,Twilight Zone: The Movie (1983),461,Mar,1.914665355994157,5,1.0
7101,Doc Hollywood (1991),864,Dec,1.8967910974435653,12,0.75
2801,Oscar and Lucinda (a.k.a. Oscar & Lucinda) (1997),380,Oct,1.8385040823468013,6,1.0
52435,How the Grinch Stole Christmas! (1966),1143,Dec,1.815478019574934,15,0.8666666666666667
2423,Christmas Vacation (National Lampoon's Christmas Vacation) (1989),3098,Dec,1.806389281160603,25,0.88
5367,My Beautiful Laundrette (1985),492,May,1.8036914654564387,6,1.0
3087,Scrooged (1988),2701,Dec,1.7903379323417057,25,0.76
7121,Adam's Rib (1949),573,Dec,1.7835163821973123,8,0.875
5214,"Oh, God! (1977)",626,Mar,1.7772942727718695,5,1.0
4000,"Bounty, The (1984)",445,Dec,1.7683466417096063,7,0.7142857142857143
2399,Santa Claus: The Movie (1985),618,Dec,1.7520951075781002,7,0.7142857142857143
40414,Joyeux Noël (Merry Christmas) (2005),404,Dec,1.7365236302226517,5,0.8
49013,"Santa Clause 3: The Escape Clause, The (2006)",328,Dec,1.7306807598418816,7,1.0
2553,Village of the Damned (1960),569,Oct,1.7266528789357596,8,0.75
