movie,movieId,headline,reason,weekly
Home Alone (1990),586,Save for Christmas season (December),Tagged 'christmas' by 42 users; such films get 1.2× their usual share of ratings in December. Next Christmas season: in 90 days.,Fine for a weeknight: rated more on weekdays (0.95× weekend share).
Elf (2003),6936,Save for Christmas season (December),Tagged 'christmas' by 47 users; such films get 1.2× their usual share of ratings in December. Next Christmas season: in 90 days.,Any night works: no weekday/weekend skew.
It's a Wonderful Life (1946),953,Save for Christmas season (December),Tagged 'christmas' by 48 users; such films get 1.2× their usual share of ratings in December. Next Christmas season: in 90 days.,Fine for a weeknight: rated more on weekdays (0.94× weekend share). Users tag it as long — save it for a free evening.
A Christmas Story (1983),2804,Save for Christmas season (December),Tagged 'christmas' by 36 users; such films get 1.2× their usual share of ratings in December. Next Christmas season: in 90 days.,Fine for a weeknight: rated more on weekdays (0.95× weekend share).
The Nightmare Before Christmas (1993),551,Save for Halloween (October),Tagged 'halloween' by 47 users; such films get 1.2× their usual share of ratings in October. Next Halloween: in 35 days.,Fine for a weeknight: rated more on weekdays (0.97× weekend share).
Halloween (1978),1982,Save for Halloween (October),Tagged 'halloween' by 20 users; such films get 1.2× their usual share of ratings in October. Next Halloween: in 35 days.,Any night works: no weekday/weekend skew.
Hocus Pocus (1993),2052,Save for Halloween (October),Tagged 'halloween' by 24 users; such films get 1.2× their usual share of ratings in October. Next Halloween: in 35 days.,Fine for a weeknight: rated more on weekdays (0.97× weekend share).
Trick 'r Treat (2007),71500,Save for Halloween (October),Tagged 'halloween' by 15 users; such films get 1.2× their usual share of ratings in October. Next Halloween: in 35 days.,Best on a weekend: 1.12× the usual Sat–Sun share of ratings.
The Ten Commandments (1956),7386,Good any time of year,"No reliable seasonal pattern in 1,166 returning-session ratings (highest month: April, 2.35×).",Fine for a weeknight: rated more on weekdays (0.95× weekend share). Users tag it as long — save it for a free evening.
Toy Story (1995),1,Good any time of year,"No reliable seasonal pattern in 13,694 returning-session ratings (highest month: November, 1.07×).",Any night works: no weekday/weekend skew.
The Shawshank Redemption (1994),318,Good any time of year,"No reliable seasonal pattern in 13,456 returning-session ratings (highest month: October, 1.10×).",Any night works: no weekday/weekend skew. Users tag it as long — save it for a free evening.
The Dark Knight (2008),58559,Good any time of year,"No reliable seasonal pattern in 7,143 returning-session ratings (highest month: September, 1.16×). Genre lean: IMAX ratings run 1.08× in May.",Best on a weekend: 1.09× the usual Sat–Sun share of ratings. Users tag it as long — save it for a free evening.
